Halaman teratas,Klik,Tayangan,RKT
https://www.alhikmah.my.id/2022/03/ramadhan.html,140000,40668856,35%
https://www.alhikmah.my.id/search/label/KITAB/BUKU?max-results=10,118995,47566584,23.40%
https://www.alhikmah.my.id/search/label/NU DAN BANOMNYA?max-results=10,9566,3256695,28.12%
https://www.alhikmah.my.id/2020/09/batik-asal-muasal-makna-batik.html,7566,145856,50%
https://www.alhikmah.my.id/search/label/Islam?max-results=10,6866,475665,12.77%
https://www.alhikmah.my.id/2020/09/kitab-talim-mutaalim-dan-terjemahan.html,6566,215858,28.57%
https://www.alhikmah.my.id/search/label/INFORMASI?max-results=10,5966,29888,17.24%
https://www.alhikmah.my.id/search/label/KISAH HIKMAH?max-results=10,55577,1888877,27.78%
https://www.alhikmah.my.id/2020/10/mau-ngaji-kitab-kuning-berikut-alamat.html,55888,155585,33.33%
https://www.alhikmah.my.id/2020/11/cara-cepat-diterima-google-adsensemaster.html,58866,146655,35.71%
https://www.alhikmah.my.id/2021/09/wallpaper.html,5888,128885,41.67%
https://www.alhikmah.my.id/search/label/media dakwah?max-results=10,4588,495855,8.16%
https://www.alhikmah.my.id/search/label/PENDIDIKAN?max-results=10,48866,308886,13.33%
https://www.alhikmah.my.id/p/aw-browsher.html,48866,23888,17.39%
https://www.alhikmah.my.id/2020/10/panduan-membuat-daftar-isi-sederhana.html,48666,128885,33.33%
https://www.alhikmah.my.id/2022/01/wudhu.html?m=1,4886,128885,33.33%
https://www.alhikmah.my.id/2022/03/,355666,418556,7.32%
https://www.alhikmah.my.id/2022/02/mazer.html,35666,1485668,21.43%
https://www.alhikmah.my.id/2020/11/wa.html,356668,9888588,33.33%
https://www.alhikmah.my.id/2022/01/sholawat28.html,38666,9856665,33.33%
https://www.alhikmah.my.id/2022/02/kamaliyah.html,3886,458888,75%
https://www.alhikmah.my.id/2022/02/,28774,358888,5.71%
https://www.alhikmah.my.id/search/label/IMAGE?max-results=10,26666,2155565,9.52%
https://www.alhikmah.my.id/2020/10/gerakan-pemuda-ansor-gp-ansor.html,25555,16665885,12.50%
https://www.alhikmah.my.id/2020/10/meraih-penghasilan-dengan-google-adsense.html,28866577,1488668888,14.29%
https://www.alhikmah.my.id/2021/11/,255574,1255555,16.67%
https://www.alhikmah.my.id/search/label/SHOLAWAT NABI?max-results=10,25522,10858885,20%
https://www.alhikmah.my.id/p/mp3-al-quran.html,25566,988888,22.22%
https://www.alhikmah.my.id/search/label/TUTORIAL?m=1,28565,955888,22.22%
https://www.alhikmah.my.id/search/label/Ø§ÙØ­Ø¯ÙØ«?max-results=10,2556,88885,25%
https://www.alhikmah.my.id/2020/10/10-ilmuwan-muslim-pencipta-konsep.html,2856,78566,28.57%
https://www.alhikmah.my.id/2022/01/sholawat12.html,2885,756665,28.57%
https://www.alhikmah.my.id/2022/04/wallpaper.html,2699,78889,28.57%
https://www.alhikmah.my.id/2021/12/tahfizh.html,2655,9999,50%
https://www.alhikmah.my.id/p/daftar-isi-kata-kata-hikmah_29.html,2112,48555,50%
https://www.alhikmah.my.id/2021/09/gif.html,2885,256666,100%
https://www.alhikmah.my.id/2022/01/,1886,2256685,4.55%
https://www.alhikmah.my.id/search/label/VIDIO?max-results=10,1856,2255688,4.55%
https://www.alhikmah.my.id/search/label/Tech?max-results=10,1856,168599,6.25%
https://www.alhikmah.my.id/search/label/Sejarah?max-results=10,19665,155555,6.67%
https://www.alhikmah.my.id/,1555,1388855,7.69%
https://www.alhikmah.my.id/2020/08/irmas-ikatatan-remaja-masjid.html,1888,1388666,7.69%
https://www.alhikmah.my.id/2021/12/,188666,128888,8.33%
https://www.alhikmah.my.id/2022/02/sholawat32.html?m=1,15566,985555,11.11%
https://www.alhikmah.my.id/p/rss.html,1566,98885,11.11%
https://www.alhikmah.my.id/p/al-hikmah-center.html,156,7855,14.29%
https://www.alhikmah.my.id/search?updated-max=2022-02-18T08:10:00%2B07:00&max-results=7,1668,7888,14.29%
https://www.alhikmah.my.id/p/jadwal-sholat.html,1555,6888,16.67%
https://www.alhikmah.my.id/p/quran.html,1566,3366,16.67%
https://www.alhikmah.my.id/search/label/PENDIDIKAN?m=1,1556,53333,20%
https://www.alhikmah.my.id/search/label/SHOLAWAT NABI?m=1,1856,55666,20%
https://www.alhikmah.my.id/2020/08/ilahi-lastu-lil-firdausi-ahla.html,1556,46655,25%
https://www.alhikmah.my.id/2021/12/sholawat2.html,1888,35655,33.33%
https://www.alhikmah.my.id/p/tafsir-web.html?m=1,19866,2665555,50%
https://www.alhikmah.my.id/search?updated-max=2022-03-27T15:21:00%2B07:00&max-results=7,1888,2888888,50%
https://www.alhikmah.my.id/2022/02/kullul-qulub.html,1888,155655,100%
https://www.alhikmah.my.id/p/perpustakaan.html,3365,125555,10%
https://www.alhikmah.my.id/search/label/TUTORIAL?max-results=10,526,118999,35.71%
https://www.alhikmah.my.id/search/label/APLIKASI?max-results=10,886,7855,41.67%
https://www.alhikmah.my.id/2020/09/pertanian-modern.html,8568,7888,8.16%
https://www.alhikmah.my.id/2022/04/,7899,6888,13.33%
https://www.alhikmah.my.id/search/label/KHUTBAH?max-results=10,5566,3366,17.39%
https://www.alhikmah.my.id/2020/12/daftar-25-lirik-sholawat-bahasa-jawa.html,52365,53333,33.33%
https://www.alhikmah.my.id/2022/02/kisah-hikmah.html,666,55666,33.33%
https://www.alhikmah.my.id/search/label/APLIKASI?m=1,856,46655,7.32%
https://www.alhikmah.my.id/search/label/Tokoh?max-results=8,5666,35655,21.43%
https://www.alhikmah.my.id/2020/10/kisah-sejarah-raden-fatah-kesultanan.html,56666,2665555,33.33%
https://www.alhikmah.my.id/2022/01/?m=1,88888,2888888,33.33%
https://www.alhikmah.my.id/2021/10/blog-post.html,5566,155655,75%
https://www.alhikmah.my.id/2022/01/sholawat5.html?m=1,885,125555,5.71%
https://www.alhikmah.my.id/p/al-quran_28.html,88555,7855,9.52%
https://www.alhikmah.my.id/p/registrasi.html,8666,7888,12.50%
https://www.alhikmah.my.id/p/registrasi.html?m=1,856666,6888,14.29%
https://www.alhikmah.my.id/search/label/media dakwah,85556,3366,16.67%
https://www.alhikmah.my.id/2021/10/download-e-books.html?m=1,556665,53333,20%
https://www.alhikmah.my.id/2021/11/ai-khodijah.html,55666,55666,22.22%
https://www.alhikmah.my.id/2021/11/kisah-hikmah_40.html,55558,46655,22.22%
https://www.alhikmah.my.id/2022/01/wudhu.html,5666,35655,25%
https://www.alhikmah.my.id/2022/02/kullul-qulub.html?m=1,66666,2665555,28.57%
https://www.alhikmah.my.id/p/kontak.html,86666,2888888,28.57%
https://www.alhikmah.my.id/p/makkah-tv-live.html?m=1,5666,155655,28.57%
https://www.alhikmah.my.id/search/label/INFORMASI?updated-max=2022-03-11T20:09:00%2B07:00&max-results=10&start=5&by-date=false,566655,125555,50%
"https://www.alhikmah.my.id/search/label/KISAH 
HIKMAH?updated-max=2022-03-27T15:21:00%2B07:00&max-results=20&start=4&by-date=false",86666,118999,30%